slug,dm_reviews
betopia-bdcalling-sparktech-softvence-sm-tech-backventure,87
technonext-ltd,81
optimizely,44
mir-info-systems-ltd,42
therap-bd,42
welldev,42
w3-engineers-ltd,40
brain-station-23,36
cefalo,33
ssl-wireless,32
all-generation-tech,32
akij-ibos,31
appifylab,29
brac-it,28
echologyx-ltd,25
next-ventures,25
vivasoft,25
astha-it,22
bjit,22
interactive-cares,22
roxnor,22
codemen-solutions-limited,20
mediusware-ltd,18
millennium-information-solution-ltd,18
reddot-digital,17
riseup-labs,17
softvence-agency-branch-of-bd-calling-it-ltd,16
bulipe-tech-limited,16
devxhub,16
oceanget,16
programming-hero,16
10-minute-school,16
era-infotech,14
appscode-inc,13
bit-mascot-pvt-ltd,13
bdjobs-com,13
get-levrg,13
pathao,13
wedevs,13
divine-it-limited,12
exabyting,12
gizantech,12
kona-sl,12
portonics,12
bevy-commerce,11
augmedix,11
adventure-dhaka-limited,11
business-automation-ltd,11
dsi,11
intellier-ltd,11
tallykhataa,11
ewn-bangladesh,10
bit-byte-technology,10
barikoi,10
monstarlab,10
quantigo-ai,10
sheba-platform-limited,10
shellbeehaken-ltd,10
bkash,10
efficient-software-solutions-ltd,9
enosis-solutions,9
the-softking,9
selise-digital-platforms,8
join-venture-ai,8
yotech-valt,8
one-sky-communication-ltd,7
ati-limited,7
deep-mind-labs,7
getwebinc,7
intelsense-ai-ltd,7
technohaven,7
webable-digital,7
be-data-solutions-ltd,6
accord-technologies-ltd,6
altersense-ltd,6
bright-future-soft,6
craftsmen,6
daniyal-technologies,6
micromac-techno-valley,6
spagreen-creative,6
synesis-it,6
truck-lagbe-ltd,6
viser-x,6
workspace-infotech-ltd,6
infolytx,5
srbd,5
sardar-it,5
sharetrip-limited,5
silicornya-ltd,5
orangetoolz,5
appnap-technologies-ltd,5
adiva-graphics-catalyst-solution,5
anwar-technologies,5
apex-dm-it-ltd,5
bangladesh-software-solution,5
doin-tech,5
epyllion-group,5
gain-solutions,5
leads-corporation-ltd,5
nano-information-technology,5
onnorokom-projukti-ltd,5
pridesys-it-ltd,5
relisource,5
sebpo-bangladesh,5
surbana-jurong,5
techzu-ichicode,5
talent-pro,5
twinbit-limited,5
unisoft-systems-limited,5
webappick,5
impel-it-solutions,4
skylark-soft-limited,4
envobyte,4
blubird-interactive-ltd,4
apsis-solutions-ltd,4
authlab,4
canduit,4
chaldal-limited,4
creative-wisdom,4
express-leather-products,4
fingerprint-information-technology-limited,4
friends-corp,4
foodi,4
ghorer-bazar,4
hishabee-technologies-limited,4
hubxpert,4
ibcs-primax,4
infinitibit,4
lifeplus-bd,4
mgh-group,4
priyo,4
rokomari-com,4
reve-systems,4
rapid-smart-erp,4
6am-tech,4
shikho,4
dream71-bangladesh-ltd,4
streams-tech,4
technobd-limited,4
technovicinity-limited,4
xgenious,4
sds-manager,3
smart-technologies-bd-ltd,3
starconnect,3
krazy-it,3
erp-com-bd,3
egens-lab,3
tygrlabs,3
acote-group,3
alxicorn,3
addie-soft-ltd,3
bacbon-limited,3
backspace,3
bdtask,3
bnx-networks-inc,3
brotecs-technologies-limited,3
bug-finder,3
chardike,3
computer-ease-limited,3
crystal-technology-bangladesh-ltd,3
dinnova-ag,3
dohatec-new-media,3
data-edge-ltd,3
datasynthesis,3
fb-international-bd,3
freelance-hub-bd,3
include-work,3
inovace-technologies-ltd,3
j-tri-services-ltd,3
kido-bd-co-ltd,3
kite-games-studio,3
mind-orbital-technologies-ltd,3
media365-limited,3
mugen-infotech,3
mysoftheaven-bd-ltd,3
nitex,3
orbitax-bangladesh-limited,3
ostad,3
phoenix-education,3
rtemis-ltd,3
rank-wizards-llc,3
silicon-orchard-ltd,3
sigmative-bdthemes,3
skillerszone-llc-bpo-doctor,3
techvillage,3
ulkasemi,3
ultra-x-bd,3
upay-ucb-fintech-company-limited,3
v2-technologies-ltd,3
wealcoder,3
walton-digi-tech-industries-limited,3
xpartex-ltd,3
ipay-system-ltd,2
it-way-bd,2
sm-technology,2
orbit-informatics,2
tenbyte,2
elo,2
fiftytwo-digital,2
6sense-technologies,2
bongo,2
antripe,2
arraytics,2
atb-jobs,2
axilweb,2
aims-lab,2
amber-it-ltd,2
antopolis,2
artium-freak-communication,2
bms-tech-logistics-ltd,2
backbenchers-studio-bdcalling,2
bylc,2
brick-line-technology,2
corporate-projukti-limited,2
cloudly,2
cmed-health,2
codetree,2
divergent-technologies-ltd,2
dotlines,2
daffodil-software-ltd,2
daffodil-computers-plc,2
daraz,2
esap,2
eco-crave,2
field-nation,2
finsource-limited,2
fintech-hub-ltd,2
foodpanda,2
firsttrip-ltd,2
fronture-technologies-ltd,2
golden-harvest,2
gononet-solutions-ltd,2
globalwings-study-abroad,2
healthx-bd,2
hyper-systems-ltd,2
iak-global-consulting,2
iqvia,2
impit-ltd,2
integrated-business-systems-solutions-pvt-ltd,2
jrf-intelligence-ltd,2
liberate-labs,2
lancepilot-ltd,2
mevrik,2
mutual-trust-bank-plc,2
nogor-solutions-limited,2
neural-semiconductor-ltd,2
next-solution-lab,2
navieasoft-com,2
next-it-limited,2
nascenia-ltd,2
nexdecade-technology-pvt-ltd,2
nusratech-pte-ltd,2
olynex,2
one-ict-ltd,2
opus-technology-ltd,2
orocube-llc,2
pixmatech-ltd,2
polygon-technology,2
pran-rfl-group,2
polock-group,2
priyoshop,2
practical-action,2
qups,2
quadrion-technologies-ctg,2
redorange-communications,2
remark-hb-limited,2
razinsoft,2
robi,2
simec-system-ltd,2
seoskit,2
sheba-group,2
sigma-solutions-bd,2
city-bank-plc,2
spondon-it,2
square-health-limited,2
tikweb,2
touch-solve,2
techcare-inc,2
tars-industries,2
technology-business-solutions-ltd,2
tubeonai,2
us-bangla-airlines,2
ultimate-it,2
wppool,2
zenesen,2
zatiq,2
zedandzed-it-services-ltd,2
inilabs,2
i-k-properties,1
i-business-formula,1
qv-a-bangladesh,1
ird-foundation,1
it-bangla-limited,1
impala-intech,1
imprint-dhaka-ltd,1
inbox-it-solutions-ltd,1
infinity-technology-international-ltd,1
infolook,1
inleads-it,1
innoweb-limited,1
innovative-station-limited,1
instructory,1
integrated-software-and-technologies-ltd,1
inument,1
ishraak-solutions-limited,1
ismartu-technology-bd-limited,1
sct-bangla-limited,1
sim-solution-ltd,1
stitbd,1
saffron-corporation-ltd,1
shampan-group,1
shomvob,1
sky-dream-it,1
soft-vio-it,1
softbd-ltd,1
softlakes-digital-limited,1
softograph-ltd,1
softrobotics,1
sohojx,1
solar-intercontinental-solaric,1
solvetech-solutions,1
solvrz,1
southern-clothings-ltd,1
sovware,1
spreneurs,1
square-pharmaceuticals-plc,1
squidx-agency,1
storex,1
synergy-it-services-ltd,1
syntech-solution-ltd,1
oonkoo,1
omc-healthcare,1
olive-it,1
outnet,1
eon-systems,1
eastern-bank,1
eco-soft-bd,1
ecomclips,1
edutechs,1
app-coderz,1
scaleup-ads-agency-a-company-of-bdcalling,1
soft-spark-solutions,1
spring-rain-it,1
stamasoft,1
study-in-pty-ltd,1
b-cause-bangladesh,1
bysl-global-technology-limited,1
beetles-cyber-security-ltd,1
bibahabd,1
bproperty,1
xponent-infosystem,1
a2z-creatives,1
aci-hygiene,1
aci-motors-yamaha,1
akij-resource,1
aks-khan-pharmaceutical-ltd,1
aetherzen,1
aetherix-ltd,1
agronochain,1
akbar-tech-consultancy,1
al-muslim-group,1
alltex-industries,1
ambala-it,1
ambience-care-ltd,1
appdevs,1
apple-tree-international-school,1
asiatic-mcl,1
autopilot-ai-solution,1
asg-shop,1
algosoft-ltd,1
alpha-net,1
alphasoft-technology-limited,1
aci,1
aci-formulations,1
aaladin-ai,1
adplay-technology-limited,1
agile-crafts,1
alin-food-products-ltd,1
american-efird-bangladesh-ltd,1
amarsolution,1
anchorless-bangladesh,1
appsinception,1
apple-gadgets,1
arobil-ltd-dhaka-soft,1
artificial-soft,1
asian-holdings-ltd,1
auleek,1
binary-fusion,1
binate-solutions,1
bitquintet,1
bizcope,1
blucheez,1
babyland,1
baktier-ahmed-rony-associates,1
bangladesh-software-development-bsd,1
bashundhara-group,1
bay-developments-ltd,1
bangladesh-army-university-of-science-and-technology-khulna,1
bdtender,1
brac-university,1
bangladesh-bank,1
bangladesh-associate-of-it-solution,1
bangladeshi-software,1
bayshore-communication,1
beauty-care,1
benli-electronic-enterprise-co-ltd,1
bengal-mobile-qa-solution,1
betafore,1
blockverse-solutions,1
bluebay-it-limited,1
brac-bank,1
brain-craft-ltd,1
brandmyth-digital,1
brandriser-media,1
business-accelerate-bd-ltd,1
byteheart,1
circle-fintech-ltd,1
csm-bangladesh-ltd,1
co-design-ltd,1
contest-ltd,1
cloudcore,1
cps-academy,1
ctrends-software-services-ltd,1
chorki,1
cian-solutions,1
codeshaper,1
codex-it-service,1
cognisor-ai,1
creative-it-institute,1
cubix-technology,1
cutting-edger,1
digicon-technologies,1
digital-alchemist-agency,1
ding-ezetop-unlimited-company,1
doodle,1
dotpot-it,1
dotsilicon-ltd,1
dekko-isho-group,1
deshlink-lock-industries-ltd,1
daffodil-international-university,1
datasoft-systems-bd-ltd,1
dcs-educare,1
dgepay,1
dot3ch-ltd,1
data-head-pvt-ltd,1
datafluent-analytics,1
datapollex,1
desh-it-bd,1
desh-tv,1
devszone,1
devotrix,1
devsnest-llc,1
dhaka-logic-ltd,1
dhrubok-infotech-services-limited,1
dialify-asia,1
dmoney-bangladesh,1
dmoney-bd-ltd,1
dragon-digitals,1
dynasty-food-beverage-industries,1
door-soft,1
eskimi,1
essex-studios-by-yalla-systems,1
exclusive-web-services,1
east-west-university,1
easy-fast-courier-service-ltd,1
ebitans,1
ehsan-digital-marketing,1
english-therapy,1
evident-bd-ltd,1
excel-technologies,1
fingerprint-information-technology-ltd,1
fintech-point,1
fleek-bangladesh,1
flyte-solutions-ltd,1
fabign,1
figlab,1
face-of-art-technology,1
filesure,1
fusion-infotech-ltd,1
future-track-bd,1
futureed-english-language-institute,1
gozayaan,1
genesis-trading-co,1
genuity-systems-ltd,1
gmgi-solutions-ltd,1
garibaree,1
geekssort,1
generation-next-it-solution-ltd,1
giga-tech-limited,1
glossy-it,1
gogames-bangladesh-ltd,1
gotipath,1
grameen-communications,1
searchlite-communications-ltd-grameenphone,1
hi-tech-banngla-bangladesh-htbbd,1
healthy-minds,1
handicap-international,1
haramain-hajj-umrah-limited,1
hawar-it,1
hrsoft-bd,1
hr-outsources,1
haier-bangladesh-limited,1
hogarth-dhaka,1
holiday-trip-vista,1
huawei-bangladesh,1
hypertag-solutions-ltd,1
iovision-bd,1
itscholar,1
ideascale,1
instrumentation-engineers-ltd,1
infocrat-solutions-ltd,1
intimationinc,1
jb-connect-ltd,1
jamuna-electronics-automobiles-limited,1
janata-wifi,1
jamuna-soft,1
js-encoder,1
jobike-ltd,1
jumatechs-software-llc,1
kingston-group,1
kolpolok,1
kaicom-solution,1
kuet,1
paperfly-ltd,1
keya-cosmetics-ltd,1
keya-group,1
kinetik-dynamics,1
kriyakarak,1
lofistack,1
logic-software-limited,1
lead-academy,1
learn-ninja-bd,1
lemon-hive,1
lamp-techs,1
lakeshore-hospitality-group,1
lankabangla-finance-plc,1
legacy-furniture-ltd,1
libanza-ltd,1
luminar-technology,1
mir-group,1
modern-engineers-planners-consultants-ltd,1
m360-ict,1
meghna-cloud-gennext-technologies,1
mercury-it-international-ltd,1
metronet-bangladesh-limited,1
macro-health-plus,1
magnetism-tech-ltd,1
maheen-label-tex-ltd,1
makebell,1
maktech,1
marcel-grace-infotech,1
markopolo-ai,1
headless-technologies-limited,1
medical-management-strategies,1
medical-topper-academy,1
tigersoftbd,1
meldcx,1
meta-universe-technologies,1
metamorphosis-ltd,1
miicon-solutions,1
mojar-school,1
mojaru,1
muktodhara-technology-limited,1
mymedicalhub-international-ltd,1
mysoft-it-solutions-wellmax-it,1
ninja-digital-innovations,1
noor-staffing-group,1
neovotech-ltd,1
nerddevs,1
new-vision-it-ltd,1
nagorik-technologies,1
nasir-syntax-solution-limited,1
naturub-accessories-bd-pvt-ltd,1
naas-solutions-limited,1
nrbc-bank-plc,1
nexgrowix,1
nelsis-tech-ltd,1
neoscoder,1
neuratech-ltd,1
engage-360,1
noman-group,1
nongmin-consultancy-services-ltd,1
northern-university-bd-office,1
osonkho-com,1
ollyo,1
one-ummah-bd,1
onesttech,1
optimalbyte,1
orbit-media-solution,1
orvionsoft,1
oyolloo,1
pioneer-alpha,1
pentester-space,1
peoplentech,1
pakiza-software-ltd,1
palmal-group-of-industries,1
paronsoft-solutions,1
partex-star-group,1
paystation,1
pran-agro-limited,1
penta-global-ltd,1
pickaboo,1
pippa-technologies-lnc,1
pluginever-or-byteever,1
poridhi-io,1
premier-university,1
presidency-university,1
proficient-information-systems,1
pulsetech,1
qode-mart,1
qcoom,1
qtec-solution-limited,1
queens-eductaion-group,1
quantanite,1
qwik-it-services,1
qzency-ltd,1
rootdevs,1
real-time-solution,1
rafusoft-software,1
rangs-properties-ltd,1
ranksnet,1
race-online-ltd,1
resilient-solutions,1
renix-unani,1
rentyard,1
robintex,1
rynexus-infotech,1
softeko-exceldemy,1
softlab-it,1
software-chamber,1
solution-world-ltd,1
somadhan-it,1
sazim-tech-ltd,1
seo-expate-bangladesh-ltd,1
savasaachi-marketing-agency,1
scaledex,1
seopage1,1
service-one-ltd,1
shopidevs,1
shadhin-lab-llc,1
shamolima-snz-technologies-limited,1
soft-exel,1
softadom,1
solutya-pvt-ltd,1
somikoron-it-ltd,1
squad-innovators,1
step-media-ltd,1
stepup,1
standard-chartered-bangladesh,1
startup-chattogram,1
strativ-ab,1
suffix-it-ltd,1
sulaco-tec,1
tigerit-bangladesh-ltd,1
times-it,1
together-initiatives-limited,1
toshiba-plant-system-services-corporation,1
tech-art-international,1
tech-element-it,1
techforing-ltd,1
techtrioz-solutions,1
technovative-solutions-ltd,1
techno-mole-creations-ltd,1
texort,1
tars-binary,1
trodad-international-ltd,1
taghyeer-terchnologies,1
techorbit-it,1
technext,1
testability-technology,1
texbazar-ltd,1
thaimedics,1
the-kow-company,1
trenza-software,1
transcom-group,1
travel-destination-bd,1
travela,1
twinforce-solutions-ltd,1
us-bangla,1
uy-systems-ltd,1
un-ted-commercial-bank,1
united-commercial-bank,1
united-financial-trading-company-ltd,1
united-software-solutions,1
unlocklive-it-ltd,1
visernic-ltd,1
vanguard-solution,1
vcube-soft-and-tech,1
vfs-global,1
verbex,1
vista-electronics,1
wind-app,1
webq-ltd,1
webs-technology-limited,1
wavespace,1
weero-digital,1
xsellence-bangladesh-limited,1
yes-global-tech,1
yunusco-group,1
yupsis,1
zsi-ai,1
zenov-bpo,1
zeron-group,1
zeuz-ai,1
zaag-systems,1
zaber-zubair-fabrics-limited,1
zavisoft,1
zanala-bangladesh,1
zaimah-technologies-ltd,1
zolo-inc,1
zone7-divinext,1
egeneration,1
mpower-social-enterprises-ltd,1
theme-pure,1
kpmg-bangladesh,1
